{"stats":{"minecraft:killed":{"minecraft:silverfish":6},"minecraft:mined":{"minecraft:infested_mossy_stone_bricks":1,"minecraft:bookshelf":2,"regions_unexplored:redwood_leaves":1,"minecraft:moss_carpet":7},"minecraft:picked_up":{"minecraft:moss_carpet":8},"minecraft:custom":{"minecraft:open_barrel":1,"minecraft:time_since_rest":5548,"minecraft:play_time":5548,"lootr:looted_stat":12,"minecraft:sprint_one_cm":20828,"minecraft:damage_taken":180,"minecraft:walk_one_cm":17555,"minecraft:sneak_time":4,"minecraft:walk_under_water_one_cm":655,"minecraft:mob_kills":6,"minecraft:jump":67,"minecraft:damage_dealt":1219,"minecraft:time_since_death":5548,"minecraft:walk_on_water_one_cm":1640,"minecraft:hex":0,"minecraft:total_world_time":5548,"minecraft:climb_one_cm":1018,"minecraft:swim_one_cm":5967,"minecraft:fall_one_cm":5327,"minecraft:fly_one_cm":14270},"minecraft:used":{"minecraft:moss_carpet":8,"minecraft:stone_sword":51}},"DataVersion":3465}